<?xml version="1.0" encoding="UTF-8"?>
<project-private xmlns="http://www.netbeans.org/ns/project-private/1">
    <editor-bookmarks xmlns="http://www.netbeans.org/ns/editor-bookmarks/2" lastBookmarkId="0"/>
    <open-files xmlns="http://www.netbeans.org/ns/projectui-open-files/2">
        <group>
            <file>file:/Users/anderson/Dropbox/Unicarioca/Graduação/2017.1/Web/Projetos/13.Projeto/Servlet14/src/java/Pacote/index.java</file>
            <file>file:/Users/anderson/Dropbox/Unicarioca/Graduação/2017.1/Web/Projetos/13.Projeto/Servlet14/src/java/Pacote/verifica.java</file>
        </group>
    </open-files>
</project-private>
